Hours_Studied,Practice_Tests_Taken,Attendance_Rate,Sleep_Hours,Exam_Score
4.370861069626263,5,0.7999160853731894,7.940419987247753,74.75564700536607
9.556428757689245,0,0.1785446620543336,5.951140385348169,32.813122109999725
7.587945476302646,8,0.6527461078518747,8.640838754119603,80.77663891024518
6.387926357773329,0,0.23818278104672652,4.785241964310099,29.37426152501513
2.4041677639819286,4,0.09944139275934516,9.818926270471268,58.13692299170585
2.403950683025824,3,0.24317219099945409,6.7227372483018355,50.81332426680618
1.5227525095137953,2,0.7222669318556592,5.416302780078784,61.708145381626245
8.795585311974417,5,0.8556964681062857,4.440980483980076,63.36738823699362
6.41003510568888,1,0.8302198645669916,5.018547430525245,48.583931821735604
7.372653200164409,2,0.3971835296184548,7.118643691336106,56.680798966400644
1.185260448662222,4,0.6680851365706462,6.022019058587718,64.60991100275112
9.72918866945795,8,0.20498429541582097,8.973300195295657,67.85879078513918
8.491983767203795,1,0.29314773026101326,6.585325141970836,46.447765291201506
2.9110519961044856,9,0.8963358185211198,5.492285635525779,73.58936450535028
2.636424704863906,7,0.013001923510736035,7.70286991962418,50.034485619977346
2.650640588680904,1,0.08550853085446808,8.240663301312676,50.07023083688908
3.7381801866358395,4,0.20788625514602732,5.002251447405699,40.13837622302474
5.72280788469014,6,0.026532203873819715,5.005715297729906,42.21132797827532
4.887505167779041,7,0.18143543508979731,4.220028561601258,38.060747038801324
3.6210622617823773,0,0.5830415609696922,8.418412090393844,58.844440684155884
6.506676052501415,5,0.42142455059249795,7.98282716573083,68.77144955656851
2.2554447458683766,0,0.8926717110769748,6.847785254498883,60.057089742692185
3.629301836816963,1,0.8174435617384409,9.065022693815184,81.93496031212294
4.297256589643226,0,0.34181735169787597,8.834020917700318,54.14534684722214
5.104629857953324,4,0.2594234334312925,7.512126186380513,56.5086095067821
8.066583652537123,9,0.3796924081672669,9.209627683079551,83.32849828079607
2.7970640394252375,8,0.5902949425148077,5.235047260220609,53.91108152765222
5.628109945722504,5,0.26806364082287626,4.671517716386367,34.846697725003246
6.331731119758382,0,0.624148907849134,5.618497669101938,41.721366456036584
1.4180537144799796,0,0.4094116521912404,4.342521136535889,40.875097251344556
6.467903667112945,1,0.5520471808519802,7.187017168006192,54.324372002973305
2.5347171131856236,8,0.4361265291353167,9.61963415376977,90.98684991652385
1.5854643368675156,2,0.29446575954191767,4.236061244011058,31.827226747772883
9.539969835279999,0,0.9484533069621567,4.732659484060161,56.855641079262696
9.690688297671034,4,0.7636057941597608,6.7131941697006114,76.06096975520367
8.275576133048151,6,0.14011317576645255,9.60325010516743,77.5603406928456
3.741523922560336,5,0.8684679758979128,5.8969366298605035,77.34284987844603
1.8790490260574548,0,0.48743119824951364,7.043408852130355,56.63343097152588
7.158097238609412,4,0.8945522268940914,4.249437154302353,64.06730410283558
4.961372443656412,4,0.7998552559473152,4.890059205772533,61.393137430750606
2.0983441136030097,5,0.42521350446923345,9.919780737753081,77.0864518491168
5.456592191001432,2,0.022469308320117398,9.790712178616273,53.0543484374428
1.3094966900369656,4,0.2686773593849461,4.029639885606458,32.64132446848392
9.18388361870904,6,0.5416342146608669,9.710870712539434,80.46006116295202
3.3290198344001523,4,0.6334782198261473,7.834719626893002,66.65862955038484
6.962700559185838,4,0.2578876854332023,9.207509767120133,62.293119375634696
3.8053996848046987,4,0.13935607407282413,6.728439133803155,50.82697500240596
5.680612190600297,9,0.8349302367992991,7.093576171475501,85.56455888044916
5.920392514089517,9,0.9844021807035521,6.933079481541521,85.00765426590921
2.6636900997297435,2,0.5256901823026858,8.001185545276627,68.22975964063191
9.726261649881026,0,0.1716792858483035,4.837907528537878,27.52197530742338
7.976195410250031,4,0.27230732651936895,4.179841539236068,39.29060835946283
9.455490474077703,8,0.018390676547466733,5.8475796495471455,45.98770313077679
9.053446153848839,0,0.914298806560499,8.22808457641988,62.858082455088606
6.381099809299767,2,0.11775108289014113,5.21112071273769,35.7271725448991
9.296868115208051,3,0.5765164755142536,8.040594599949504,66.60847696934192
1.7964325184672756,0,0.274055220687206,9.819472276643623,65.60483972743185
2.763845761772307,0,0.5541780025157934,4.56340429473651,43.70195827663916
1.4070456001948426,7,0.6514203883518642,8.035612709350758,69.16255931574162
3.927972976869379,1,0.8297418037072016,6.662501315827427,71.04641271277188
4.498095607205338,7,0.2064212717606032,9.208853526265031,74.14131250465215
3.442141285965063,6,0.010995828658480478,5.062898736684316,41.931713574905096
8.458637582367365,9,0.13688563006880727,8.155755713356987,65.13638200754694
4.210779940242304,9,0.9000186418481051,9.02869173788866,87.03113373736598
3.5284105871864266,1,0.8738900775625152,9.667685316844139,76.10545926561547
5.884264748424236,5,0.5974131021703083,8.099488169737874,76.21728291168924
2.2683180247728636,5,0.6005168604336534,6.983048584050564,73.26100747284461
8.219772826786357,2,0.6650366745462555,7.707083441207283,73.49064421449955
1.6709557931179373,1,0.1753712786234496,9.21342990687231,51.55242310138084
9.881982429404655,0,0.9144119459249598,7.423658479832978,62.905356582230496
7.9502029236699165,5,0.4187705248920731,4.182322358181021,47.359239941691285
2.7884411338075514,4,0.38313852824949746,9.585692173041867,59.69579633840302
1.0496990541124216,8,0.5189177052828375,8.137160506189367,74.28905188200085
8.339152856093508,0,0.046965966775055046,8.059080314663479,44.3020287875131
7.361716094628554,6,0.1662833687560794,5.294050914386303,44.07325956312411
7.561064512368886,4,0.7380336164263704,7.953312821395944,64.95848306838441
7.941433120173512,4,0.08279866792512647,6.363186433924951,48.04446598829654
1.6664018656068134,1,0.6031521094663882,7.907397862248953,57.634609143169584
4.226191556898454,2,0.24534910968132095,4.639558181847944,30.399156643887295
2.0428215357261674,6,0.38929561404197655,7.947071827618216,49.8700451072326
8.767930832880342,5,0.28869373677069987,9.996482354624,72.01282168413995
6.609683141448022,1,0.35567271646494913,4.289272233163336,45.621673899693086
3.9780822236738427,5,0.7190459051842455,9.863045105327904,90.78413164437578
1.5720251525742128,1,0.297121715623175,6.441447764337224,41.46421906847969
3.79884089544096,1,0.5664046402968972,9.224520702023554,63.62321877539217
3.9266498982407234,1,0.47605040219909966,8.69431290434964,63.66760782739261
7.566455605042576,2,0.6636711653626481,7.402097565920007,58.955277836555055
6.738017242196918,1,0.936829739324758,8.43069525550796,76.46253485325863
8.98491468318694,3,0.7325720972102503,9.271093367808088,81.75699702054618
5.249934326457543,8,0.21494037859075676,6.424841929906198,62.80706085725825
2.0763482134447155,5,0.031183135061284672,5.962198969379433,41.07625780171382
7.419203085006955,0,0.2622640442998251,8.005560313381508,49.845035379020246
7.847065437552077,7,0.5950779307002548,8.84707565164755,74.83662942048342
6.051494778125466,6,0.05142581348425035,8.573710808659694,54.697524588876874
7.938704619591049,9,0.49636624720123634,8.786881893151808,78.86848427012491
5.444160367279517,2,0.5968428489168892,6.613499888877598,58.98727659288736
5.704595464437946,0,0.3342438908169608,8.90700529705013,61.41210452670091
4.847869165226946,4,0.7709122037458219,4.72125433222365,52.65689068618197
1.2287721406968566,3,0.1065982531337718,7.266934587765097,53.48757223391499
1.97102284293974,9,0.07513778173580876,4.034551962988729,39.85968439898096
1.2828626711806081,7,0.7281887562036033,5.947514979401622,65.98954617984626
6.727693701374023,0,0.49549131620619846,6.198769209228387,44.81360461713839
3.82920382968694,9,0.688402396427736,6.377036149655533,59.947732871619806
5.577136220482325,0,0.4348273386037462,8.172803240139173,60.559917828806434
9.168098265334837,3,0.2464020332391068,6.331348607622075,52.40026282687968
3.2436300623398746,7,0.8191023176741997,6.6921617357351835,71.92469244824679
4.693446307320667,4,0.7994158789689793,5.425264785245965,61.32113240435182
7.799960246887438,1,0.6946964708544268,6.2395107497760405,59.73812806178848
3.059183489424602,5,0.2721451372299627,5.363617763578909,38.39338704613055
1.6928191884591368,4,0.5902306668690871,4.439175542610662,45.93466200777811
3.6077630762239123,1,0.3609738969400268,7.620691560288267,56.34710333824084
2.4509915852860398,2,0.09158207332663415,8.009276791330098,41.50279567471769
9.367278871083158,8,0.9173135754622428,7.716942076057687,87.31881885342213
8.273083416079754,6,0.1368186309189614,6.780964262803434,46.535704584900884
6.700633808593811,6,0.9502373538208024,6.278714681075379,76.91309745560613
8.84314531168946,5,0.44600577295795574,9.180001897430952,72.6392333890818
8.23304869209203,7,0.18513292883861965,7.114490710817308,50.344001816554396
2.6791305299743224,3,0.5419009473783581,6.875091265778385,63.52783373451825
9.0330309864098,7,0.8729458358764083,4.153852394838614,60.897891561059005
5.854080177240856,3,0.7322248864095612,6.047486965756939,56.494551306895964
8.266961396476564,7,0.8065611478614497,6.281173712715143,73.91233354416454
9.06482169931144,8,0.6587833667107174,6.392936685381403,77.0972998550967
3.8620312747467747,2,0.6922765645178525,7.4810342153639935,58.63917142736227
1.9904673207490908,2,0.8491956515653193,7.2016152803612705,66.58853212630542
3.051416462877475,1,0.24966800885918594,7.647430556760668,51.09184213638277
4.843970097636307,9,0.4894249636431405,8.58929956925277,81.0323628309283
8.362132893302437,2,0.22120944181960223,8.87791443229656,59.25291634977797
8.74657524930709,2,0.987668007996647,8.308738457358967,76.83722343100047
1.0625691747807164,4,0.9440593396866133,9.733142175729608,81.27456763591513
5.596725723198092,4,0.0394268113685059,4.10939549605817,32.39919152585714
4.7566990283390105,1,0.7055751725156885,5.174667914101277,45.58257929738461
2.9989702942365724,9,0.9252483174156658,4.045377249868853,52.57717147203583
2.0787883060031453,5,0.18057534512733353,7.884848284927618,57.85581612164769
4.038536542632651,4,0.5679452305526295,9.388183293699921,78.11436220756254
9.486187335212673,5,0.9154882975880418,5.460893779457796,56.74893058130611
3.908826388186797,0,0.03394597858579884,9.56220726877784,45.3442927331882
5.669115595690295,4,0.6974202672468399,4.361604341737365,56.09404726939413
7.3271706300566,8,0.29734900737255077,9.606616160833086,86.1718966259231
4.272666421413646,9,0.9243961953765304,6.1097361234378065,78.09360158542745
9.746038744488645,1,0.9710582451653678,4.608524970695299,54.432773000087316
9.662025654479,0,0.9442664891134339,6.915230555117954,65.85447550526018
3.2660406624282774,9,0.47421421665746377,5.540659406323048,68.1105218920514
5.475236553031469,8,0.8620426509893134,5.709237411771537,69.36774031412699
3.707904788350927,9,0.8445493985350704,5.84373978955772,70.04238278592982
3.5635644493972087,8,0.31910047324325563,8.818155386995981,68.67549930112628
1.3319825261907952,8,0.8289154741506773,7.234967660051527,72.8084524939607
6.486079005819072,5,0.03700763471549262,5.867846194936022,43.657243198446494
5.524111209059753,7,0.596269878482053,7.662002699865511,80.53114662976085
1.463308761249904,0,0.23000883728770305,8.296904045339161,50.585505215407004
3.507818178129503,9,0.12056688577727881,5.635744004401203,49.93708635594474
9.174392973699883,3,0.07695320162920916,6.481294609152109,42.92576993953906
3.1560570160027517,0,0.6962887758781398,4.7313165600216855,37.99171483937043
2.304053848821008,7,0.33987496376806614,5.086896097208082,54.967899824346595
5.405074842498067,0,0.7247667715287615,8.086707123789896,63.94938271674753
9.870854086995406,2,0.06535634079894237,5.088630086173762,34.44978272168211
3.178497443603504,3,0.31529033783061033,7.1509803020023615,68.45054846159582
7.049219926652907,7,0.5394912923753372,8.254277570334596,75.76957913542267
7.854576537958458,5,0.7907231648389635,4.641261538568463,56.31087800271868
3.1387378959315972,9,0.3187525029320699,7.403873317773421,63.705648854174115
7.553947137506736,6,0.6258913764370091,5.539376702208182,67.23743220513765
4.3100481944732785,7,0.8859777482361871,9.777561251425478,91.75751003469115
6.690752475342215,1,0.6158631881823046,6.901273880319549,50.46717614561693
6.7017673968480524,9,0.23295947475363377,8.835955298650948,76.445412367479
5.821972156672826,7,0.02440078155653802,7.301359252937571,50.22688814635816
1.8126079304896747,2,0.8700988739009299,4.260475197128915,61.496874255956065
8.51772246030314,6,0.021269410850387138,7.798908253564134,60.43995290602678
3.8870205847456223,2,0.8747016726841994,9.708420053239943,78.10134920233018
2.678666593598688,6,0.528937134027212,7.609670920877987,73.39301707132134
1.3669762739928752,1,0.9390676985128962,8.915133156560742,75.63376480042476
6.318036488694176,9,0.7987832357736654,9.305238780090447,95.28077394475096
7.098079256580542,5,0.9979341105333375,5.368478631693595,72.04331226357269
1.1492904603507053,2,0.35071181545171015,5.27226903944936,37.11063256998402
5.608837524693529,2,0.7671882889311269,7.66588593310595,64.37086418175366
3.0384619767814414,8,0.40193091360924216,6.4661708188402285,66.75397038109679
6.806555113685048,6,0.47987562030390885,9.039167817200322,72.6408530800602
2.569297861044923,4,0.6275054632183701,9.400138740388067,72.83533442669943
7.218439642922194,9,0.8736771141863388,6.120528275816309,72.92471776509382
4.480618116704837,6,0.9840834691992951,5.421223353846893,72.53886341986255
9.43056989863061,8,0.7682734138645182,8.683153091463172,96.54882042891937
2.2376884973139393,0,0.41776678216733376,5.648836213288817,36.33459535911831
4.069597159452327,6,0.4213570022770702,8.935685911082071,71.0680757708672
2.021261691165302,5,0.7375823015888915,6.542429521892577,72.70922411067289
9.322242564507064,9,0.23877714576830233,8.005299395748823,68.52050142136743
8.896054180428829,8,0.11047411313139466,4.573211883008009,48.00056346240209
3.3214746494364005,0,0.35462215764077654,7.743155948059438,45.371066688560646
6.939856414307611,3,0.28723899165408173,6.710606072423374,53.08767816350061
8.354999801810942,8,0.2963081204559901,7.519650779052845,64.89377610464555
5.996807304395161,3,0.23360775104990994,5.0080852464691805,45.37603166400058
5.766855205204059,9,0.04209318963636188,8.421242469665092,69.6126803773217
3.1766706181040654,2,0.01787393473341381,9.176782465259372,64.63861682563397
1.837924910253093,8,0.9877223897360315,5.300438800544654,75.76720152497334
9.074941821579941,1,0.42777313373586234,4.574287333120971,42.96358898922353
9.103762514469974,3,0.3843266471596817,4.141831516278018,42.8523835098552
6.697913115459412,5,0.6796472826930698,7.851829002659596,70.56189727622039
4.051268119438307,1,0.21825388786506417,7.642564216532684,50.07336418369913
4.142886171513948,7,0.9499611839502253,7.28018447628442,79.07990531783928
7.533601109832154,7,0.786345014415552,5.391682576695852,68.40450864122676
9.073992339573193,0,0.08941100231225951,6.345435975433088,44.6270945604023
8.983777818386056,2,0.41758077578492836,7.566858011117038,52.922511630089254
8.018879912718614,9,0.8791183075621647,6.980601153155016,88.1834997633727
6.77828481538859,8,0.9447320222914103,9.926713121289325,103.27241553804369
1.7572596849554394,4,0.4674015112498697,4.818638515340399,46.22779915322487
2.454658426851524,5,0.6134113892107077,8.170867324285563,59.629267173446685
9.086987696743714,3,0.16703394609207523,6.425912608625753,43.736266569116346
6.457861536936309,9,0.9911686261369765,6.569197689553689,89.64916457945782
1.0827734645496667,1,0.2316717013834434,8.305586593949057,50.79685308557405
1.913243885794289,7,0.9427317741351257,8.154616907946217,78.823824156628
6.971515921972502,5,0.6496466489923685,9.94753596221313,79.49181104348462
1.0455542546159682,4,0.6077367948788591,4.770365736724751,54.70525436435868
2.4472724627574878,8,0.5126885110165086,4.624657896304998,58.21652163813014
5.938604104299275,0,0.2306698117177587,8.346032902772446,49.83104001126623
7.227056779234239,4,0.17652803200550826,7.470321502038455,51.70414912297778
6.867651335523405,5,0.22048620907017535,5.644963999358835,45.627676057889694
3.018423785145038,4,0.18643826214425452,4.47651621393392,32.57104752556273
7.409612992127823,5,0.7795844735667533,4.513949497578583,66.99800533909385
3.135241787471201,5,0.3501252591667301,9.36514524798471,66.97197838385723
3.9285972834334095,6,0.05784267656339637,5.151203948312458,47.14853155596503
7.718422646062217,3,0.9691026301408113,5.940229372693125,75.46817508572711
6.846696091424932,7,0.8837858849634257,5.359938413361928,75.04350154302219
8.6430106944476,6,0.927752283195213,6.129977834991624,71.7815603850033
6.91851603070309,8,0.9949078226464353,4.41654305647656,72.71600682574014
6.114777430019244,6,0.1738952492194873,7.114358745449622,55.11358414388585
1.8430729104528323,2,0.39624201890265875,4.405675381553289,34.1343573353767
4.309442227534902,2,0.7582384757040913,8.802139046934169,74.10342280541556
3.386821309135529,7,0.6960206180537922,5.402272491462599,57.35151056678196
3.195906790411752,4,0.15389590633985506,7.2400714876270635,56.03399428680349
9.75709499277201,3,0.8158331249906178,9.28047452536875,78.45711788717912
4.537879522000844,7,0.22444057183666066,7.905264214283165,63.08048831468018
9.02841899659402,5,0.22381761482262308,7.197746719308012,57.73106899758707
6.680247633975366,1,0.5369744228934136,5.946002518692254,49.21681946533344
8.153301731874835,3,0.5929399348417032,5.998011478349188,59.973045137123336
5.523733837946729,3,0.5800862078378112,8.016921731189141,63.32217014314611
6.192134961637232,5,0.09148683739775487,9.964836167327006,69.40212643050879
5.432659244369775,5,0.8774608626303804,7.971035139096272,71.62216687090694
2.7571868901824006,0,0.26560004258870606,7.346700504220149,46.43627645256695
7.502069037353548,7,0.12951492128280417,8.383903061435475,72.50043555589434
3.526951261967702,5,0.8887480798689772,6.791233673702309,67.02773464634008
1.2188436978830846,2,0.9556514982297534,4.360854055604712,51.572627851445134
6.80925066316451,8,0.8621276172654506,7.373780895267458,84.02597250786118
2.5939961146634403,1,0.8095160747248781,9.74575170703228,76.94974813247111
9.464127259176228,7,0.6552419806390217,5.051817654145958,64.45514908993873
9.585357193023286,9,0.5508573706091393,8.140029344923995,81.50594637084178
9.233779511984036,2,0.08698675991141014,5.205602131954339,39.504732604716466
4.331428302298999,4,0.4084532130706987,7.214966106838488,63.609497457014115
1.1391095487598069,5,0.372688517012314,4.580058697880318,46.585686103917496
9.354867063289529,9,0.2597537837603262,6.702225617549111,61.83940015277844
4.8536573348558285,5,0.7234201136885849,8.536979973371476,79.69183471747091
9.699893371393026,3,0.4958757350787708,6.085429145433892,64.68278480256588
9.672579793803276,2,0.08104621590764793,7.989470346923309,49.58460139745443
8.677085099206241,3,0.22018320194981134,8.772699764738375,55.06718239851551
3.6500400286262713,0,0.6832587636595959,9.563066916876716,75.30851685205683
4.465879557417328,3,0.07613085949030018,5.407852491132721,36.50763424357155
8.660230043651712,0,0.8512069140487687,6.395895494855849,50.116429183132816
3.852298046406499,0,0.4951465270139743,4.914496079982505,45.204903814646464
2.5254347201748324,9,0.480586577326648,9.954901012950252,80.525635342851
6.0112113621251515,5,0.5924077846595176,9.562005807545772,77.53408071084364
9.425392967447028,4,0.8246809659251492,7.239742781683358,74.36920172599515
7.264268170074757,3,0.34780920790219305,9.052199766258529,65.55348073528367
6.1305505308042845,2,0.6780161525590636,7.125747863632253,65.96870319295009
1.8745884439369167,0,0.5657319639957911,7.741514128016558,54.25193308468207
6.535065040292528,5,0.2670282701694213,4.5347465926960995,45.864136075560566
9.91048465093837,1,0.878629986355158,8.531622522980847,73.68347267801472
2.260756137128716,7,0.7974260216069281,4.766280901811409,66.35254001655389
5.664966871273631,9,0.6584518346584255,8.95640578151517,87.87840811590334
8.8963576473516,4,0.8505817290942419,8.692168526022314,75.85964405165649
7.66691755978784,6,0.8672942009598024,8.252468186457858,87.77784456587365
7.273141668957412,9,0.7083629767150348,4.216962283148573,60.56514015920663
7.322356755883983,1,0.837013328363672,5.818770135671972,63.173482223029346
4.2354203609777965,7,0.6974714616692836,5.578675419465057,66.34812565880162
3.64232659838044,1,0.6801407717603004,6.160818444829115,63.85616440028238
8.284250399306622,3,0.6186113782151843,4.525856480583031,49.38399399723407
8.291020552112627,0,0.7527166395576412,9.621746938186376,72.2600581179152
8.803650867220934,4,0.1586051052930737,7.322813444274257,52.79658269761321
9.219164973008242,8,0.8808707591989284,5.8331458639481415,73.76361917074048
5.60208158974844,0,0.871843527745232,6.381889102445701,64.30529349019508
5.513646652184796,8,0.029247283034559146,6.683215243029014,44.41740032487282
8.184656610700976,7,0.8258167505647627,7.6035660001637035,74.79778306631002
6.849675376999887,5,0.1288698674734452,7.094076566178987,46.737334398002275
7.31770189531933,6,0.3351188542591419,9.516351839286504,77.31394354220238
8.16213402492491,2,0.7435082562916078,6.981780897434982,73.03207264880274
9.010048076358096,0,0.1607598960483082,9.952948088939877,57.66931046400451
4.041956411663822,4,0.8179670241190622,9.108549746470574,78.85443340464022
4.380246573759496,1,0.8321341779577419,5.251063086144015,55.32170021452204
1.845837458567821,4,0.5074677337608362,9.583571287863498,77.68961494861065
6.204521268965566,7,0.00638587171683358,4.698198387312857,35.52761092470265
1.3234804641706788,8,0.2870381331749128,8.904698250947149,70.85587234932532
5.190382163192141,1,0.6169269183757422,6.283739760859481,58.878647369758674
5.883801712368189,2,0.9811861780274235,9.267845922670418,84.63380648882129
3.5788712691545594,2,0.6318135270166684,9.208340140644701,71.3755631043791
6.317499345121097,0,0.2598035810641598,8.835552400705726,59.504099636337564
1.2745022494514449,7,0.6340057030996114,8.740182617842368,63.71472361698457
1.3361336987429298,5,0.5399853797158555,5.828074834588245,59.2637656415686
8.403405045936925,7,0.7798453951511436,4.485515698307513,59.91392394880952
4.241715772701366,8,0.10698063882695841,6.417881072590969,43.84234635256186
2.143544613866963,4,0.761027902502028,5.041147089919052,59.45000336782779
5.700189340493239,2,0.5412665786761103,8.16970653341477,70.23489848936924
7.9299419778874976,4,0.9629920038589946,6.076598359226713,69.75748612991994
2.9423892474715885,4,0.3418721660386861,9.85366120515949,73.46579944196135
6.606014282371002,4,0.6326218931339481,7.845832464071992,76.91161611727003
1.768127184943912,2,0.9320281055100175,8.934883381806166,83.91708321622916
1.4651354905174694,9,0.10250972799067926,4.79514803645109,53.83690886503978
5.782191684113332,3,0.9372284872364511,9.172086893635736,86.000803214277
5.865716094490959,8,0.6878857223008134,9.536543143080365,87.04274201673057
6.736869113483859,9,0.0678370591051719,6.922371512913616,49.331887923630944
7.534822003503954,8,0.30096356694681625,7.637517626505865,65.00011150168565
9.782668715162812,1,0.7081720886452816,8.588858805417972,65.88629119593247
5.646703134710758,7,0.0673506014687717,5.049031763562475,54.3790717032489
3.9066082564712135,7,0.5821704601762733,7.015396458780654,67.22531033961828
8.156675752918332,6,0.34588305695295674,6.391978166633878,58.21507687684785
3.437490261358668,7,0.6209155177674771,4.878243952973495,61.15110828263759
4.950742786350725,2,0.04574203381251285,6.205206533749188,38.596603029523884
1.7061074320803935,5,0.8715368061523763,4.409033856312961,67.34897164112202
1.2281566907391177,0,0.9734889691773969,4.154871441696922,47.35704215142991
9.663835732101326,6,0.9688778552856915,4.810997734928937,69.95989590224217
8.523821084609853,0,0.7496518317429247,9.778690669535044,71.08018380531665
7.263767854843282,8,0.13008624013063197,7.297177215370102,52.693867866603256
4.680576499728429,0,0.7582631959290226,9.794932966919319,70.53594585783222
2.559648880637612,0,0.02458691645880151,6.594987269980792,34.55121941068099
2.4079333840397745,6,0.022123551528997254,5.870896798511557,40.83485276945732
3.252186083481358,1,0.32361021914954125,7.036851177041465,44.73133199371682
5.943039982355084,4,0.48864319040466575,6.6370701317974605,51.19027504571014
7.431363304300561,7,0.7704074178077932,4.633988105570463,62.83918052066287
6.941776390459581,7,0.6832953766065052,7.844957888141238,68.97675942493018
3.5194050725134858,2,0.44590270637674834,5.296229095057598,49.06626851404385
9.593787525968747,6,0.2736266662816659,7.717527729386978,63.04615241044488
7.641072250261916,2,0.9971245001577111,7.901206554388921,69.18843917945605
5.989186472602606,5,0.42618130223597295,4.912149118771889,48.19581386473036
6.5054867161091705,5,0.4513870243296755,4.368097762664009,44.22351220170106
4.776400561850109,2,0.16362382119166918,8.684569516410638,55.83799499463922
3.229578905510417,6,0.7948095487499294,6.758802542615921,77.63238296789737
4.2037541078613545,2,0.6936822257814886,4.348982773032855,38.86101993352476
7.820614994179322,7,0.2207696127887604,9.969197903018603,74.17245429216464
1.1295413976678028,9,0.0823810456158427,4.346683365978199,41.8560007796002
2.0446537645622462,3,0.6804993020747131,8.170211373151318,71.44059781607521
1.4140237781957747,0,0.6545112142811352,9.902073551580482,70.77729683880322
1.3665592208707311,3,0.2732595269982093,5.435080625295553,38.159965966078246
8.699145256099065,6,0.9508635622504104,4.8534962121231775,66.67777635223473
7.332920734420213,3,0.15105789178090023,4.728309636534574,33.12632394585052
5.267564461785927,5,0.4323348010426019,5.819650885405573,59.55535993601328
1.8805074458590134,8,0.9436159201675989,4.60627486606388,68.19861315705069
5.4245428760514915,0,0.4197273169261223,8.152968050164791,65.03243033779326
5.261245937025091,4,0.6385259476640855,4.373750788780376,50.825726679561384
2.5588168291901368,6,0.3975943979627943,7.056532768898738,56.69198868050126
4.904664843141758,0,0.27421520234867003,9.98018112311786,52.52065566024197
4.586542609576361,3,0.9839776479598282,8.883821617036112,72.75735618652624
6.542650882469948,5,0.409334006315043,7.6913166293860655,55.43298397434215
6.715842857808794,1,0.8940992036791344,5.83752172471967,62.03255513215332
1.4077360879484007,9,0.22995460589108618,7.74337501774983,66.72223281681076
4.371513531638241,4,0.2131047040250833,7.162248783469909,44.047036940596676
6.632739241428127,9,0.03113408288451136,6.556500303342229,58.84481127019832
5.528226327220789,0,0.651666825375885,4.784262260441197,43.267301335953654
8.7084085706949,5,0.36852634372376114,9.3196252914428,71.87124525713254
6.928242684570505,5,0.864358249839637,6.698707892927935,80.25668717493411
2.466409843732867,3,0.47320990669155716,5.16773507092459,51.505733072190466
1.6351187266038685,7,0.9681934279147217,6.206556105263738,73.38997761487273
6.78177350385684,3,0.18552551570312115,6.484778515173562,42.24640632142774
1.2386017948745964,7,0.8686231679556108,8.965227373401245,74.62119561697787
6.2719802314611695,7,0.7765968527917417,8.401686283368413,78.2193624969667
9.462072172824618,4,0.770921844644052,8.61582936184804,76.93597982355313
6.179267600882911,3,0.8447832281168877,4.066187586571884,49.210244180963294
4.493529335858697,1,0.7610239909429989,6.496923989078569,58.456466572564764
6.789593965981179,2,0.6262203216314154,6.888064909811941,60.32703119918848
5.12427601442365,2,0.13124487768238757,4.11515366093834,29.438545131892393
5.910551103843415,3,0.032526179491251916,5.558879252470206,33.884389184508656
9.473183278988726,3,0.9208478478156868,8.561738938732809,81.06667679956377
4.474923740206968,9,0.616650314520738,4.8226582343739945,64.61247335142195
9.650715074415228,4,0.7965372909761763,7.2118607887155495,66.3637133154149
9.148155777604574,3,0.4815223515125501,5.291211232103425,57.615650915666805
2.762120213103668,9,0.11730818896239448,4.072724647863359,42.49477633200879
1.624251707876489,7,0.12518579220255044,5.447208745597249,45.73556629193759
1.9070020123968399,5,0.6855652872289714,9.855242529460323,84.14704418541228
1.1639964308639477,5,0.4303058948994627,8.809222671297938,68.58696943213666
1.8499866468033557,7,0.20052472670033672,9.7574598659262,74.30871895892868
7.147060960747211,6,0.4915945467414369,6.9271242635581745,65.67790293034199
1.6406978361420608,9,0.06420893707513409,4.658417192065021,40.81244633383376
3.8707806726438516,9,0.5819714019143988,7.287756933842157,75.2537566217308
8.60387779872509,7,0.26899340443509767,6.726264007359765,53.42404225273849
1.209447421622433,1,0.7975591006371882,9.066142496437696,72.28406299883571
8.330216343300421,8,0.31036195892357377,4.588495484705468,51.419272775332416
3.5366929729605996,0,0.4552201490818012,6.929446822130669,48.67793148592892
2.0634834485949063,7,0.011620539908100636,4.9002919881639055,39.032781960305854
7.270634488277356,3,0.07244688779455888,5.94805556134036,31.412693008361313
6.660485621018956,3,0.3924935564066848,8.424142464326799,59.81608872353731
8.897248121743477,4,0.4799388347171235,6.856108776212599,60.70183267697966
7.615639394234972,7,0.6000205481193037,6.255329710874616,67.12280271563318
8.231328373463636,4,0.29166257870930323,6.366857671420211,46.738321363135825
3.538311153141758,7,0.6949818861265425,6.75668061043592,76.37672330155608
2.5969558940175053,9,0.8601223971892046,8.710099263022341,84.06207634732235
7.755532764767725,0,0.7798509888933498,9.352508133641408,78.1075694435483
8.261512653405376,9,0.039618825348357145,9.73200811902357,73.28918222628913
9.91454627800606,8,0.48050694725782894,8.72142031753177,74.75699196737712
4.713559092202838,5,0.10493017841817487,5.892441374488076,53.372090324914325
4.348162772135049,2,0.24204501586252747,8.128808236519253,47.67647260854371
7.987716646677971,7,0.9866625932671464,6.6256187443323515,84.51882904639734
4.06723186227716,8,0.14249554290151323,5.528023732276307,54.54478928355269
9.376815930432082,5,0.49888815345135606,9.045229476555535,70.59041731310796
8.725714766587107,6,0.6181557343181191,4.23055809377395,62.15007490536981
4.860946246375165,0,0.702464970544104,9.41057195281254,68.82095480594113
7.757839610123476,4,0.5596486834869141,6.768864787748405,63.180388433798115
7.7908858667621415,4,0.00977084741918366,7.823208860849682,51.82713326738488
1.9281148195233935,9,0.3264613082439919,7.956123533234696,67.67415913394986
9.1229761601161,3,0.5177116433847114,9.370706444239218,76.08811335258278
5.547271352030714,5,0.08786649914483335,7.8200180930032435,57.92243758293456
8.438117194969674,6,0.35062693120918076,7.68360150856037,55.56940249087424
3.880446409275506,8,0.033203108791366565,4.39991224336414,47.06953425866266
9.059709056465804,0,0.07857849715502074,7.110448131671225,33.2210192554147
4.502815108607468,5,0.39692327620159606,4.90101400490225,53.37662537571041
1.0975388633226852,6,0.13271575404306035,8.424602612328913,64.17702691240336
9.148437787773373,2,0.5675408482615582,7.073331524876047,54.597426036260345
1.821580091075202,7,0.6894649691372657,8.08136667525012,73.76534304702572
3.873822738313734,4,0.8005866991090829,4.250037403614305,49.288793744239825
9.550557703457244,8,0.2001502442448101,4.5087520962748195,47.29388573865762
9.555464322438006,4,0.16748258225906976,8.297940328376093,56.79619341769905
6.160940993109575,8,0.10456784033440025,4.43250601599204,47.66224434858274
6.686534909528193,9,0.6364302495436367,4.427540366591551,68.45676701367618
5.036009697804878,3,0.7064757264869012,4.072650851409325,56.55034898472539
3.638896945282581,8,0.03158614482564204,9.739008389796881,64.28734493897518
3.957980908329244,4,0.9362122462436898,8.425050156754041,78.74870116568995
7.052666104693346,9,0.05197128365147241,6.1195084510123845,44.560556245378685
7.77137076493912,8,0.5412963353010705,5.779213487725931,60.214155471156474
8.124211393532637,2,0.7090605194509164,6.098219378475097,63.83685519880331
8.106563285150985,3,0.8709691237460856,8.647921187087091,86.68921907961958
1.8208549274382133,8,0.7140869321324278,7.968223666422486,71.82032390766093
5.449782742323233,9,0.8017280830697918,5.111173407204808,66.82530132928262
1.5180288401497986,5,0.33945019254280606,5.044656012004506,45.881968587572
5.94575994091362,1,0.8148251137465122,4.590373898280384,53.17573267426077
4.973774512360393,6,0.08011484638467514,7.961816318208029,52.15401918791632
8.989337644824698,1,0.8948166560605276,8.586235973330416,77.49171982871825
4.158235112968708,1,0.5475923761537362,5.590278569950025,45.67326144419512
2.053603147848453,0,0.8172977699624937,4.125669766185477,45.89646183455019
2.2869251384755227,2,0.45231828451830014,4.493030004858564,43.680889855250534
7.85359568545725,5,0.643577695196525,9.807160209070183,81.51668152448424
6.56396256984635,7,0.5264026609361132,5.772668664864522,59.0990787277117
1.9101040851051123,8,0.7315895217553319,8.615338887028802,81.24037270221685
1.756961255034977,6,0.08162998203058958,7.747981413125583,53.44977623253292
7.30872218313208,3,0.0603520839905638,6.291637837917375,40.342185433145985
1.6548670572777417,5,0.24710323401014644,5.23412357317333,42.95168139574663
8.396740533613206,4,0.15954468011318834,4.728318508956439,47.77986501414671
7.3561800444084655,7,0.8717835665922017,7.6900778082332,84.35096529640163
1.7321390257770979,0,0.21921398735804432,8.647802683826729,49.03088706004001
1.7635394267667273,0,0.9758652558191313,7.863425521246784,72.78327307406823
9.87975620651058,5,0.33689579177110685,7.18181279949495,58.29874278443214
4.368437161805083,9,0.18211791568869928,4.251707340589817,52.33507222626531
4.335779323602019,1,0.7896985071424791,9.810932665566302,78.32814123253716
8.315196105317522,4,0.6587077755008761,8.792285149927448,74.51222673676939
9.525237196454729,0,0.498195716453139,5.756932220205789,49.779212102256395
9.874009574405838,6,0.5553635509376312,9.879821976153103,74.1552394783143
7.780403667330475,0,0.7192017782722638,7.611289537817933,57.11082515964074
4.386336269778242,3,0.22845474133129873,7.494535949243479,46.111231462072375
1.7515064502880189,8,0.9963339160567419,8.488439076577192,89.74753091852196
7.994322243346931,0,0.9747931621467831,8.870618728540826,85.45719240187185
6.025638247622245,3,0.6503256863469369,7.938871643989016,78.77088484036524
4.817998083222786,5,0.19954245092914513,4.7685744781972,44.94660065935326
9.157189465852625,5,0.6802282424312913,6.02960503596699,66.72197061383703
2.000777340755362,7,0.07219840897917584,9.568501841956298,55.80348374469522
5.433625938617732,0,0.030652502205806065,5.347693671063111,27.118124798266724
1.1021828029067717,6,0.2576828885112137,6.23300214302508,47.39745173208332
5.217945777947136,0,0.4626229567393163,6.592461297665176,45.82393551042864
1.5067294811365362,6,0.8682725054083805,6.636429938166713,70.99229755261565
2.0693612464126474,2,0.727169069766308,7.677637494967153,62.67055117790443
2.057736220993944,7,0.742706521199981,9.658455026468246,75.50006620485931
6.842892719044572,2,0.42549333444807536,5.4441562709950295,50.4622897566229
7.71440391338881,0,0.3459349925469629,4.729008257805509,31.745137502092923
6.250318885874437,7,0.3710387629846027,5.1848229391596234,54.75163946024172
9.659552936270877,2,0.9876495637360578,9.321549401255616,94.47146844161803
4.373835215713337,1,0.04010919141248248,7.874864875931236,39.730211250383874
3.571408776536747,0,0.8670314961224486,5.715440735434961,43.36527445773132
8.817392153705143,2,0.5786754085723934,8.895681633811703,67.93560617831183
3.0123625466750736,1,0.43861541918959046,9.168219978180616,67.70930566025368
9.669002854965502,1,0.7252576604151365,9.079086032141667,82.8124983862516
1.109390272208347,5,0.48666894142470285,9.513559201837326,66.46387238854898
9.728909440368751,0,0.8734232380816606,5.51344612104017,60.14498763998077
1.388439207555185,1,0.9007018640112585,8.53025157247767,69.9011371818479
9.02028802328264,5,0.4217209268734554,6.76323698364484,59.546186162220245
5.749309981776698,2,0.2768277972350516,9.05199131734037,73.08623123154925
9.936683165073703,3,0.5923503285933622,8.370944062969679,62.08505179670297
1.6641690826185898,0,0.912363345616691,8.658684678998348,72.59868970401277
5.984688559611887,7,0.21066218900566658,7.936971026086429,64.73706208327405
9.72372282057189,6,0.6229665835634828,5.064572616818241,65.33028134392119
5.707880597531339,6,0.6315602200925206,7.27016151338163,70.07068217605078
6.664587743217362,2,0.733113022415281,9.90801843714705,79.73957065300114
7.261738200861554,9,0.1315676851272598,9.624328398982714,71.01512499196703
5.090869582909959,9,0.7158249646820886,4.25904241478207,64.15194355376252
6.648022720756571,2,0.909032520665641,4.988888894376623,57.158667802667914
6.258828807307902,1,0.17968310887024197,4.790372640727371,36.95374744194753
9.110422094418901,0,0.23754332492387764,8.355879459911772,50.701814204824586
1.409017423073121,6,0.9713950940416396,8.90671197914167,88.12452165569772
3.528668706330073,6,0.18097695270948977,5.281068197864031,45.099802984711985
9.553703356689029,1,0.8543850933695791,7.0351161577109735,72.2588661861787
9.012374055018247,6,0.4922778564480348,9.0442181680672,75.33740753784191
5.100910775071417,7,0.24723107440317704,8.396809268597504,56.57618054407699
6.581193380213831,0,0.8707499012725114,7.253423232951089,71.33169805858628
3.496430646830194,8,0.4453052550026655,7.542086142752638,63.939499118262134
2.6930904375138516,6,0.5148173539296902,7.05016328149768,60.503741507140546
5.173285644459839,2,0.3592333693997657,5.785290707912924,42.794462409124066
4.180170052234475,7,0.5929508514349274,7.390131957154097,77.28344381556619
6.252905006657849,6,0.16352387258502277,8.133311812300544,49.39506617182307
1.6996117326848634,7,0.3910815366517607,9.239937495164845,88.30072093675096
9.769553268995498,5,0.9694123223352875,7.8177481238754885,87.35921564236452
9.875896700316426,8,0.25813343270112754,8.566729222258948,71.64420234310094
